region,Y,K
A,54.67746354460079,84.13933730870443
B,103.67694745546332,115.86066269129557
